{"global": 1784678409.3189447, "symbols": {"HUMA-USDT-SWAP_\u591a": 1784678409.3189452}}