{"global": 1781456371.5560486, "symbols": {"HOME-USDT-SWAP_\u591a": 1781456371.5560493, "MERL-USDT-SWAP_\u591a": 1781456371.5560527, "W-USDT-SWAP_\u591a": 1781456371.5560534, "PUMP-USDT-SWAP_\u591a": 1781456371.5560517, "ICP-USDT-SWAP_\u591a": 1781456371.5560546}}