{"global": 1784212505.2759488, "symbols": {"PUMP-USDT-SWAP_\u591a": 1784212505.2759492}}