{"global": 1782918987.1887398, "symbols": {"APT-USDT-SWAP_\u7a7a": 1782918987.188741}}