{"global": 1783928522.262547, "symbols": {"PUMP-USDT-SWAP_\u591a": 1783928522.2625477}}