{"global": 1784073537.8761063, "symbols": {"YGG-USDT-SWAP_\u7a7a": 1784073537.8761072}}