{"global": 1782565115.7336342, "symbols": {"APR-USDT-SWAP_\u591a": 1782565115.7336352}}