{"global": 1781612660.1922839, "symbols": {"HOME-USDT-SWAP_\u591a": 1781612660.1922843, "APR-USDT-SWAP_\u591a": 1781612660.1922865, "ICP-USDT-SWAP_\u591a": 1781612660.1922872, "FIL-USDT-SWAP_\u591a": 1781612660.1922877, "W-USDT-SWAP_\u591a": 1781612660.1922882}}