{"global": 1781095121.845857, "symbols": {"HOME-USDT-SWAP_\u591a": 1781095121.8458579, "BTC-USDT-SWAP_\u7a7a": 1781095121.8458593, "BERA-USDT-SWAP_\u7a7a": 1781095121.8458598, "FARTCOIN-USDT-SWAP_\u7a7a": 1781095121.8458602, "TRUMP-USDT-SWAP_\u7a7a": 1781095121.845861, "GALA-USDT-SWAP_\u7a7a": 1781095121.8458612}}