{"global": 1784353709.4508402, "symbols": {"WLD-USDT-SWAP_\u7a7a": 1784353709.450841}}