{"global": 1782576821.96269, "symbols": {"APR-USDT-SWAP_\u591a": 1782576821.9626908}}