{"global": 1781776617.3711505, "symbols": {"APR-USDT-SWAP_\u591a": 1781776617.3711538, "HOME-USDT-SWAP_\u591a": 1781776617.3711514, "ORDI-USDT-SWAP_\u7a7a": 1781776617.3711553, "W-USDT-SWAP_\u591a": 1781776617.3711557, "HMSTR-USDT-SWAP_\u591a": 1781776617.3711562, "ZEC-USDT-SWAP_\u7a7a": 1781776617.3711565}}