{"global": 1780979985.3783894, "symbols": {"BTC-USDT-SWAP_\u7a7a": 1780979985.3783898, "TRUMP-USDT-SWAP_\u7a7a": 1780979985.3783917}}