{"global": 1783999483.1788518, "symbols": {"ORDI-USDT-SWAP_\u591a": 1783999483.1788526, "BTC-USDT-SWAP_\u7a7a": 1783999483.1788547}}