{"global": 1784633118.067492, "symbols": {"APT-USDT-SWAP_\u7a7a": 1784633118.0674927}}