{"global": 1783355275.858653, "symbols": {"BTC-USDT-SWAP_\u7a7a": 1783355275.858654, "APT-USDT-SWAP_\u7a7a": 1783355275.858656, "APE-USDT-SWAP_\u591a": 1783355275.8586571}}