{"global": 1783773189.5608244, "symbols": {"HUMA-USDT-SWAP_\u591a": 1783773189.560825}}