{"global": 1783699213.5375454, "symbols": {"BTC-USDT-SWAP_\u7a7a": 1783699213.5375462}}