{"global": 1784391123.7889519, "symbols": {"BTC-USDT-SWAP_\u591a": 1784391123.7889526, "APE-USDT-SWAP_\u591a": 1784391123.788954}}