{"global": 1781050875.526248, "symbols": {"ACT-USDT-SWAP_\u7a7a": 1781050875.526251, "HOME-USDT-SWAP_\u591a": 1781050875.5262487, "BTC-USDT-SWAP_\u7a7a": 1781050875.5262506, "GALA-USDT-SWAP_\u7a7a": 1781050875.5262518, "TRUMP-USDT-SWAP_\u7a7a": 1781050875.5262523, "HYPE-USDT-SWAP_\u591a": 1781050875.5262527, "SUI-USDT-SWAP_\u7a7a": 1781050875.5262532}}