{"global": 1784085893.9029577, "symbols": {"YGG-USDT-SWAP_\u7a7a": 1784085893.9029613, "ORDI-USDT-SWAP_\u591a": 1784085893.9029582, "APT-USDT-SWAP_\u7a7a": 1784085893.9029603}}