{"global": 1781241502.0718815, "symbols": {"PUMP-USDT-SWAP_\u7a7a": 1781241502.0718822, "APE-USDT-SWAP_\u591a": 1781241502.0718853, "TRUMP-USDT-SWAP_\u7a7a": 1781241502.071884, "STRK-USDT-SWAP_\u7a7a": 1781241502.071885, "HYPE-USDT-SWAP_\u591a": 1781241502.0718863}}