{"global": 1781883432.6797855, "symbols": {"APR-USDT-SWAP_\u591a": 1781883432.6797888, "HOME-USDT-SWAP_\u591a": 1781883432.6797864, "HYPE-USDT-SWAP_\u591a": 1781883432.6797898, "COAI-USDT-SWAP_\u591a": 1781883432.6797903}}