{"global": 1784173270.3758535, "symbols": {"APR-USDT-SWAP_\u591a": 1784173270.3758545}}