{"global": 1784552210.2657368, "symbols": {"BTC-USDT-SWAP_\u591a": 1784552210.2657373}}