{"global": 1781869815.0009758, "symbols": {"APR-USDT-SWAP_\u591a": 1781869815.0009787, "HOME-USDT-SWAP_\u591a": 1781869815.0009766, "ORDI-USDT-SWAP_\u7a7a": 1781869815.0009794, "HMSTR-USDT-SWAP_\u591a": 1781869815.0009804}}