{"global": 1782202938.3418531, "symbols": {"APR-USDT-SWAP_\u591a": 1782202938.3418536}}