{"global": 1784560693.9260058, "symbols": {"BTC-USDT-SWAP_\u591a": 1784560693.9260063}}