{"global": 1783615453.013317, "symbols": {"WLD-USDT-SWAP_\u7a7a": 1783615453.0133176}}