{"global": 1781171261.7052984, "symbols": {"BTC-USDT-SWAP_\u7a7a": 1781171261.7052994, "PUMP-USDT-SWAP_\u7a7a": 1781171261.7053015, "APE-USDT-SWAP_\u591a": 1781171261.7053022, "ACT-USDT-SWAP_\u7a7a": 1781171261.705303, "CRV-USDT-SWAP_\u7a7a": 1781171261.7053037}}