{"global": 1781005359.252468, "symbols": {"APR-USDT-SWAP_\u591a": 1781005359.252469, "TRUMP-USDT-SWAP_\u7a7a": 1781005359.252472}}