{"global": 1781443224.4753823, "symbols": {"HOME-USDT-SWAP_\u591a": 1781443224.4753828, "MERL-USDT-SWAP_\u591a": 1781443224.4753864, "OP-USDT-SWAP_\u591a": 1781443224.4753876, "BERA-USDT-SWAP_\u591a": 1781443224.4753854, "ICP-USDT-SWAP_\u591a": 1781443224.4753869, "W-USDT-SWAP_\u591a": 1781443224.475388}}