{"global": 1783853075.8131974, "symbols": {"ORDI-USDT-SWAP_\u591a": 1783853075.8131979, "APR-USDT-SWAP_\u591a": 1783853075.8131995, "TRUMP-USDT-SWAP_\u591a": 1783853075.8132007}}