{"global": 1783183506.883114, "symbols": {"APR-USDT-SWAP_\u591a": 1783183506.8831153}}