{"global": 1784306511.500654, "symbols": {"APT-USDT-SWAP_\u7a7a": 1784306511.5006547, "ETH-USDT-SWAP_\u591a": 1784306511.5006566}}