{"global": 1783149409.43066, "symbols": {"AXS-USDT-SWAP_\u591a": 1783149409.430661, "APR-USDT-SWAP_\u591a": 1783149409.4306629}}