{"global": 1782896227.3963125, "symbols": {"HUMA-USDT-SWAP_\u7a7a": 1782896227.3963134}}