{"global": 1784474839.7610323, "symbols": {"APT-USDT-SWAP_\u7a7a": 1784474839.761033}}