{"global": 1781691455.4330742, "symbols": {"APR-USDT-SWAP_\u591a": 1781691455.433075, "HYPE-USDT-SWAP_\u591a": 1781691455.433077, "ICP-USDT-SWAP_\u591a": 1781691455.4330778, "APE-USDT-SWAP_\u591a": 1781691455.4330785}}