{"global": 1784615766.340973, "symbols": {"ORDI-USDT-SWAP_\u591a": 1784615766.3409736}}