{"global": 1784739447.3726914, "symbols": {"ORDI-USDT-SWAP_\u591a": 1784739447.372692}}