{"global": 1781310244.790787, "symbols": {"W-USDT-SWAP_\u591a": 1781310244.790792, "OP-USDT-SWAP_\u591a": 1781310244.7907913, "CHZ-USDT-SWAP_\u7a7a": 1781310244.7907898, "PIPPIN-USDT-SWAP_\u7a7a": 1781310244.790788}}