{"global": 1783958417.0615437, "symbols": {"GMT-USDT-SWAP_\u7a7a": 1783958417.0615442}}