{"global": 1782661974.5864499, "symbols": {"SUI-USDT-SWAP_\u7a7a": 1782661974.58645}}