{"global": 1781801266.607975, "symbols": {"APR-USDT-SWAP_\u591a": 1781801266.6079779, "HOME-USDT-SWAP_\u591a": 1781801266.607976}}