{"global": 1782317020.8963134, "symbols": {"APR-USDT-SWAP_\u591a": 1782317020.8963141}}