{"global": 1784778438.0639427, "symbols": {"HUMA-USDT-SWAP_\u591a": 1784778438.0639434}}