{"global": 1782300246.2013729, "symbols": {"APR-USDT-SWAP_\u591a": 1782300246.201374}}