{"global": 1784198754.7896812, "symbols": {"WLD-USDT-SWAP_\u7a7a": 1784198754.7896821}}