{"global": 1781541271.5720515, "symbols": {"ICP-USDT-SWAP_\u591a": 1781541271.5720546, "HUMA-USDT-SWAP_\u591a": 1781541271.572052, "APR-USDT-SWAP_\u591a": 1781541271.5720537}}