{"global": 1781355594.126996, "symbols": {"CHZ-USDT-SWAP_\u7a7a": 1781355594.1269965, "YGG-USDT-SWAP_\u591a": 1781355594.1269982, "WLD-USDT-SWAP_\u591a": 1781355594.1269996, "PIPPIN-USDT-SWAP_\u7a7a": 1781355594.127}}