{"global": 1783168641.1164436, "symbols": {"AXS-USDT-SWAP_\u591a": 1783168641.1164443, "LUNA-USDT-SWAP_\u591a": 1783168641.1164465}}