{"global": 1784030251.615818, "symbols": {"BTC-USDT-SWAP_\u7a7a": 1784030251.6158187}}