{"global": 1781974428.149266, "symbols": {"XPL-USDT-SWAP_\u591a": 1781974428.1492665, "COAI-USDT-SWAP_\u591a": 1781974428.1492684}}