{"global": 1782019679.5499432, "symbols": {"APR-USDT-SWAP_\u591a": 1782019679.5499442, "STRK-USDT-SWAP_\u591a": 1782019679.5499463}}