{"global": 1782131292.9653945, "symbols": {"HOME-USDT-SWAP_\u591a": 1782131292.965395, "APR-USDT-SWAP_\u591a": 1782131292.965397, "WLD-USDT-SWAP_\u591a": 1782131292.965398}}