{"global": 1784332679.5197973, "symbols": {"WLD-USDT-SWAP_\u7a7a": 1784332679.5197983}}