{"global": 1783454339.5663877, "symbols": {"APT-USDT-SWAP_\u7a7a": 1783454339.5663888}}