{"global": 1784024385.1512015, "symbols": {"BTC-USDT-SWAP_\u7a7a": 1784024385.1512022, "BLUR-USDT-SWAP_\u591a": 1784024385.1512053}}