{"global": 1783741501.9271996, "symbols": {"PUMP-USDT-SWAP_\u591a": 1783741501.9272, "HUMA-USDT-SWAP_\u591a": 1783741501.9272017}}