{"global": 1784104049.398577, "symbols": {"ORDI-USDT-SWAP_\u591a": 1784104049.3985777}}