{"global": 1783657650.099266, "symbols": {"APR-USDT-SWAP_\u591a": 1783657650.0992668, "BTC-USDT-SWAP_\u7a7a": 1783657650.099269, "BERA-USDT-SWAP_\u7a7a": 1783657650.0992696}}