{"global": 1781931262.8089352, "symbols": {"HOME-USDT-SWAP_\u591a": 1781931262.808936, "APR-USDT-SWAP_\u591a": 1781931262.8089385, "HYPE-USDT-SWAP_\u591a": 1781931262.808941, "STRK-USDT-SWAP_\u591a": 1781931262.8089395, "WLD-USDT-SWAP_\u591a": 1781931262.8089402}}