{"global": 1781914618.238341, "symbols": {"HOME-USDT-SWAP_\u591a": 1781914618.2383418, "APR-USDT-SWAP_\u591a": 1781914618.238344, "HYPE-USDT-SWAP_\u591a": 1781914618.2383447}}