{"global": 1781023844.8405867, "symbols": {"ACT-USDT-SWAP_\u7a7a": 1781023844.8405874}}