{"global": 1783006430.2143857, "symbols": {"ORDI-USDT-SWAP_\u591a": 1783006430.2143865, "STRK-USDT-SWAP_\u591a": 1783006430.2143881}}