{"global": 1784461444.3395715, "symbols": {"PUMP-USDT-SWAP_\u591a": 1784461444.339572}}