{"global": 1783690164.0455742, "symbols": {"WLD-USDT-SWAP_\u7a7a": 1783690164.045577, "APR-USDT-SWAP_\u591a": 1783690164.0455785, "BTC-USDT-SWAP_\u7a7a": 1783690164.0455792, "HUMA-USDT-SWAP_\u591a": 1783690164.0455747}}