{"global": 1782473655.8017402, "symbols": {"APR-USDT-SWAP_\u591a": 1782473655.8017411}}