{"global": 1781853683.5068305, "symbols": {"APR-USDT-SWAP_\u591a": 1781853683.5068333, "HOME-USDT-SWAP_\u591a": 1781853683.5068312, "ORDI-USDT-SWAP_\u7a7a": 1781853683.5068345}}