{"global": 1781674100.4597318, "symbols": {"APR-USDT-SWAP_\u591a": 1781674100.4597325, "HYPE-USDT-SWAP_\u591a": 1781674100.4597352, "FIL-USDT-SWAP_\u591a": 1781674100.4597342}}