{"global": 1783252626.70556, "symbols": {"AXS-USDT-SWAP_\u591a": 1783252626.7055607}}