{"global": 1781427307.6603115, "symbols": {"HOME-USDT-SWAP_\u591a": 1781427307.6603124, "MERL-USDT-SWAP_\u591a": 1781427307.660322, "APT-USDT-SWAP_\u591a": 1781427307.660317, "OP-USDT-SWAP_\u591a": 1781427307.6603236, "HUMA-USDT-SWAP_\u591a": 1781427307.6603148, "CORE-USDT-SWAP_\u591a": 1781427307.660318, "APE-USDT-SWAP_\u591a": 1781427307.6603186, "BERA-USDT-SWAP_\u591a": 1781427307.660324, "WLD-USDT-SWAP_\u591a": 1781427307.6603248, "CHZ-USDT-SWAP_\u7a7a": 1781427307.6603255}}