{"global": 1782214881.8297758, "symbols": {"APR-USDT-SWAP_\u591a": 1782214881.8297765, "OP-USDT-SWAP_\u7a7a": 1782214881.8297787}}