{"global": 1784457577.4593158, "symbols": {"PUMP-USDT-SWAP_\u591a": 1784457577.4593163}}