{"global": 1784382736.2012262, "symbols": {"BTC-USDT-SWAP_\u591a": 1784382736.201227}}