{"global": 1781339607.1741283, "symbols": {"CHZ-USDT-SWAP_\u7a7a": 1781339607.174129, "YGG-USDT-SWAP_\u591a": 1781339607.174131, "W-USDT-SWAP_\u591a": 1781339607.1741316, "PIPPIN-USDT-SWAP_\u7a7a": 1781339607.1741319, "ICP-USDT-SWAP_\u591a": 1781339607.1741328}}