{"global": 1781574238.7175052, "symbols": {"ICP-USDT-SWAP_\u591a": 1781574238.7175107, "HUMA-USDT-SWAP_\u591a": 1781574238.717506, "APR-USDT-SWAP_\u591a": 1781574238.7175083, "HYPE-USDT-SWAP_\u591a": 1781574238.7175093, "YGG-USDT-SWAP_\u591a": 1781574238.71751, "MERL-USDT-SWAP_\u591a": 1781574238.7175517}}