{"global": 1784044126.9171362, "symbols": {"ORDI-USDT-SWAP_\u591a": 1784044126.9171364, "BTC-USDT-SWAP_\u7a7a": 1784044126.917138, "APT-USDT-SWAP_\u7a7a": 1784044126.9171383, "YGG-USDT-SWAP_\u7a7a": 1784044126.9171386}}