{"global": 1783482454.4426215, "symbols": {"APT-USDT-SWAP_\u7a7a": 1783482454.4426222}}