{"global": 1783838841.6565282, "symbols": {"BTC-USDT-SWAP_\u7a7a": 1783838841.656529}}