{"global": 1783783558.2509778, "symbols": {"APR-USDT-SWAP_\u591a": 1783783558.2509785, "BTC-USDT-SWAP_\u7a7a": 1783783558.2509804}}