{"global": 1783157929.0779, "symbols": {"AXS-USDT-SWAP_\u591a": 1783157929.077901, "COAI-USDT-SWAP_\u591a": 1783157929.0779116}}