{"global": 1783423199.7472308, "symbols": {"BTC-USDT-SWAP_\u7a7a": 1783423199.7472315, "APT-USDT-SWAP_\u7a7a": 1783423199.7472336, "COAI-USDT-SWAP_\u591a": 1783423199.7472343}}