{"global": 1784733460.7482543, "symbols": {"ORDI-USDT-SWAP_\u591a": 1784733460.748255}}