{"global": 1781523419.1518419, "symbols": {"ORDI-USDT-SWAP_\u7a7a": 1781523419.1518424, "ICP-USDT-SWAP_\u591a": 1781523419.151844}}