{"global": 1783524984.9581099, "symbols": {"APR-USDT-SWAP_\u591a": 1783524984.9581106}}