{"global": 1784008502.7108529, "symbols": {"ORDI-USDT-SWAP_\u591a": 1784008502.7108536, "BTC-USDT-SWAP_\u7a7a": 1784008502.7108564, "APR-USDT-SWAP_\u591a": 1784008502.7108557, "OP-USDT-SWAP_\u7a7a": 1784008502.7108572}}