{"global": 1781656038.9186037, "symbols": {"APR-USDT-SWAP_\u591a": 1781656038.9186049, "TRUMP-USDT-SWAP_\u7a7a": 1781656038.918607, "CHZ-USDT-SWAP_\u7a7a": 1781656038.9186084, "HYPE-USDT-SWAP_\u591a": 1781656038.918609}}