{"global": 1781789781.0971434, "symbols": {"APR-USDT-SWAP_\u591a": 1781789781.0971465, "HOME-USDT-SWAP_\u591a": 1781789781.0971444, "ORDI-USDT-SWAP_\u7a7a": 1781789781.0971482}}