{"global": 1782989392.4488616, "symbols": {"ORDI-USDT-SWAP_\u591a": 1782989392.4488623}}