{"global": 1784111057.7018678, "symbols": {"ORDI-USDT-SWAP_\u591a": 1784111057.7018683}}