{"global": 1781369412.122419, "symbols": {"HOME-USDT-SWAP_\u591a": 1781369412.12242, "HUMA-USDT-SWAP_\u591a": 1781369412.1224217, "APR-USDT-SWAP_\u591a": 1781369412.1224225, "CHZ-USDT-SWAP_\u7a7a": 1781369412.1224234, "HYPE-USDT-SWAP_\u591a": 1781369412.122424, "YGG-USDT-SWAP_\u591a": 1781369412.1224244, "GMT-USDT-SWAP_\u591a": 1781369412.122425, "WLD-USDT-SWAP_\u591a": 1781369412.1224256}}