{"global": 1783440776.273517, "symbols": {"APR-USDT-SWAP_\u591a": 1783440776.2735176, "APT-USDT-SWAP_\u7a7a": 1783440776.273519}}