{"global": 1781436932.1684942, "symbols": {"HOME-USDT-SWAP_\u591a": 1781436932.168495, "MERL-USDT-SWAP_\u591a": 1781436932.1685386, "APT-USDT-SWAP_\u591a": 1781436932.1685357, "OP-USDT-SWAP_\u591a": 1781436932.16854, "CORE-USDT-SWAP_\u591a": 1781436932.168538, "APE-USDT-SWAP_\u591a": 1781436932.168537, "BERA-USDT-SWAP_\u591a": 1781436932.1685376, "PUMP-USDT-SWAP_\u591a": 1781436932.168497, "ZEC-USDT-SWAP_\u591a": 1781436932.1685393, "MEME-USDT-SWAP_\u591a": 1781436932.1685402}}