{"global": 1782403857.4986668, "symbols": {"APR-USDT-SWAP_\u591a": 1782403857.4986672}}