{"global": 1782979073.8260064, "symbols": {"ORDI-USDT-SWAP_\u591a": 1782979073.8260074, "BTC-USDT-SWAP_\u7a7a": 1782979073.8260095}}