{"global": 1784826067.125889, "symbols": {"ORDI-USDT-SWAP_\u591a": 1784826067.1258898, "ETH-USDT-SWAP_\u591a": 1784826067.1258929, "BTC-USDT-SWAP_\u591a": 1784826067.125892}}