{"global": 1784094904.4501703, "symbols": {"YGG-USDT-SWAP_\u7a7a": 1784094904.4501734, "ORDI-USDT-SWAP_\u591a": 1784094904.4501712}}