{"global": 1781257584.5589147, "symbols": {"PUMP-USDT-SWAP_\u7a7a": 1781257584.5589175, "APE-USDT-SWAP_\u591a": 1781257584.5589192, "TRUMP-USDT-SWAP_\u7a7a": 1781257584.55892, "APR-USDT-SWAP_\u591a": 1781257584.5589154, "CORE-USDT-SWAP_\u7a7a": 1781257584.5589187, "SUI-USDT-SWAP_\u7a7a": 1781257584.5589201}}