{"global": 1782794282.4814327, "symbols": {"HUMA-USDT-SWAP_\u591a": 1782794282.4814332, "APR-USDT-SWAP_\u591a": 1782794282.4814346}}