{"global": 1782001032.258662, "symbols": {"HOME-USDT-SWAP_\u591a": 1782001032.2586625, "APR-USDT-SWAP_\u591a": 1782001032.2586646, "TRUMP-USDT-SWAP_\u7a7a": 1782001032.2586658, "BIO-USDT-SWAP_\u591a": 1782001032.2586663}}