{"global": 1782535009.100574, "symbols": {"YGG-USDT-SWAP_\u7a7a": 1782535009.1005762, "APR-USDT-SWAP_\u591a": 1782535009.1005747}}