{"global": 1782043079.416292, "symbols": {"APR-USDT-SWAP_\u591a": 1782043079.416293, "COAI-USDT-SWAP_\u591a": 1782043079.4162946}}