{"global": 1782308342.0582876, "symbols": {"APR-USDT-SWAP_\u591a": 1782308342.058288}}