{"global": 1783769215.3401573, "symbols": {"HUMA-USDT-SWAP_\u591a": 1783769215.3401577, "WLD-USDT-SWAP_\u7a7a": 1783769215.3401594}}