{"global": 1782622451.266509, "symbols": {"WLD-USDT-SWAP_\u591a": 1782622451.2665095}}