{"global": 1783398873.4505785, "symbols": {"APR-USDT-SWAP_\u591a": 1783398873.4505792, "APT-USDT-SWAP_\u7a7a": 1783398873.4505813}}