{"global": 1782818977.139271, "symbols": {"APR-USDT-SWAP_\u591a": 1782818977.1392717}}