{"global": 1784432671.7578719, "symbols": {"PUMP-USDT-SWAP_\u591a": 1784432671.7578723, "APT-USDT-SWAP_\u7a7a": 1784432671.7578745}}