{"global": 1783856821.6188905, "symbols": {"APR-USDT-SWAP_\u591a": 1783856821.6188912, "BTC-USDT-SWAP_\u7a7a": 1783856821.6188931}}