{"global": 1781631285.8256826, "symbols": {"APR-USDT-SWAP_\u591a": 1781631285.825683, "W-USDT-SWAP_\u591a": 1781631285.8256862, "TRUMP-USDT-SWAP_\u7a7a": 1781631285.8256855, "CHZ-USDT-SWAP_\u7a7a": 1781631285.825687}}