{"global": 1782571936.1765382, "symbols": {"APR-USDT-SWAP_\u591a": 1782571936.176539}}