{"global": 1781742161.893137, "symbols": {"APR-USDT-SWAP_\u591a": 1781742161.89314, "HMSTR-USDT-SWAP_\u591a": 1781742161.893142, "HOME-USDT-SWAP_\u591a": 1781742161.8931377, "ORDI-USDT-SWAP_\u7a7a": 1781742161.893141, "ZEC-USDT-SWAP_\u7a7a": 1781742161.8931427}}