{"global": 1781137453.087778, "symbols": {"ACT-USDT-SWAP_\u7a7a": 1781137453.087779, "GALA-USDT-SWAP_\u7a7a": 1781137453.087781, "TRUMP-USDT-SWAP_\u7a7a": 1781137453.0877817}}