{"global": 1781717214.839403, "symbols": {"APR-USDT-SWAP_\u591a": 1781717214.8394039, "APE-USDT-SWAP_\u591a": 1781717214.8394055, "HMSTR-USDT-SWAP_\u591a": 1781717214.8394063, "ICP-USDT-SWAP_\u591a": 1781717214.8394065}}