{"global": 1783871030.046867, "symbols": {"TRUMP-USDT-SWAP_\u591a": 1783871030.0468676}}