{"global": 1782753501.0668576, "symbols": {"APR-USDT-SWAP_\u591a": 1782753501.066858}}