{"global": 1782967409.4589076, "symbols": {"ORDI-USDT-SWAP_\u591a": 1782967409.4589083, "BTC-USDT-SWAP_\u7a7a": 1782967409.4589097}}