{"global": 1782560488.4514904, "symbols": {"HUMA-USDT-SWAP_\u7a7a": 1782560488.451491}}