{"global": 1782519409.6565514, "symbols": {"BTC-USDT-SWAP_\u7a7a": 1782519409.6565518, "YGG-USDT-SWAP_\u7a7a": 1782519409.6565537}}