{"global": 1784532731.0347776, "symbols": {"BTC-USDT-SWAP_\u591a": 1784532731.0347784}}