{"global": 1784259652.1510751, "symbols": {"BERA-USDT-SWAP_\u7a7a": 1784259652.1510756}}