{"global": 1784017288.642149, "symbols": {"BTC-USDT-SWAP_\u7a7a": 1784017288.6421494, "APT-USDT-SWAP_\u7a7a": 1784017288.6421514, "BLUR-USDT-SWAP_\u591a": 1784017288.6421523}}