{"global": 1782148620.3305368, "symbols": {"HOME-USDT-SWAP_\u591a": 1782148620.330538, "APR-USDT-SWAP_\u591a": 1782148620.3305411, "HUMA-USDT-SWAP_\u591a": 1782148620.33054, "BERA-USDT-SWAP_\u591a": 1782148620.3305418, "COAI-USDT-SWAP_\u591a": 1782148620.3305423}}