{"global": 1781414295.3897426, "symbols": {"HOME-USDT-SWAP_\u591a": 1781414295.389743, "MERL-USDT-SWAP_\u591a": 1781414295.3897464, "W-USDT-SWAP_\u591a": 1781414295.3897467, "APT-USDT-SWAP_\u591a": 1781414295.3897452, "OP-USDT-SWAP_\u591a": 1781414295.389746}}