{"global": 1781944003.4579127, "symbols": {"HOME-USDT-SWAP_\u591a": 1781944003.4579132, "HYPE-USDT-SWAP_\u591a": 1781944003.4579167, "STRK-USDT-SWAP_\u591a": 1781944003.4579172, "WLD-USDT-SWAP_\u591a": 1781944003.4579177, "ORDI-USDT-SWAP_\u591a": 1781944003.4579153}}