{"global": 1781108853.279303, "symbols": {"BERA-USDT-SWAP_\u7a7a": 1781108853.2793038, "FARTCOIN-USDT-SWAP_\u7a7a": 1781108853.2793071, "EDEN-USDT-SWAP_\u7a7a": 1781108853.2793062}}