{"global": 1782481872.4735434, "symbols": {"APR-USDT-SWAP_\u591a": 1782481872.473544}}