{"global": 1783939451.784751, "symbols": {"PUMP-USDT-SWAP_\u591a": 1783939451.784752, "HUMA-USDT-SWAP_\u591a": 1783939451.7847543}}