{"global": 1783787311.1859577, "symbols": {"APR-USDT-SWAP_\u591a": 1783787311.1859581}}