{"global": 1781223785.1014245, "symbols": {"PUMP-USDT-SWAP_\u7a7a": 1781223785.101425, "APE-USDT-SWAP_\u591a": 1781223785.1014266}}