{"global": 1782052165.8641438, "symbols": {"APR-USDT-SWAP_\u591a": 1782052165.8641443, "WLD-USDT-SWAP_\u591a": 1782052165.8641465}}