{"global": 1784566860.1258125, "symbols": {"HUMA-USDT-SWAP_\u591a": 1784566860.125813}}