{"global": 1784652331.9150252, "symbols": {"HUMA-USDT-SWAP_\u591a": 1784652331.9150257}}