{"global": 1782275950.9228883, "symbols": {"AXS-USDT-SWAP_\u591a": 1782275950.9228888, "APR-USDT-SWAP_\u591a": 1782275950.9228904}}