{"global": 1784864783.876583, "symbols": {"ETH-USDT-SWAP_\u591a": 1784864783.876584}}