{"global": 1784419174.2199447, "symbols": {"PUMP-USDT-SWAP_\u591a": 1784419174.2199454, "APT-USDT-SWAP_\u7a7a": 1784419174.2199473}}