{"global": 1784296510.733464, "symbols": {"APR-USDT-SWAP_\u591a": 1784296510.7334642}}