{"global": 1783571620.209951, "symbols": {"APR-USDT-SWAP_\u591a": 1783571620.2099514, "BTC-USDT-SWAP_\u7a7a": 1783571620.209954, "APT-USDT-SWAP_\u7a7a": 1783571620.2099547}}