{"global": 1784190947.4558907, "symbols": {"PUMP-USDT-SWAP_\u591a": 1784190947.4558911, "WLD-USDT-SWAP_\u7a7a": 1784190947.4558928}}