{"global": 1782807738.594095, "symbols": {"HUMA-USDT-SWAP_\u591a": 1782807738.594096}}