{"global": 1783492509.406126, "symbols": {"APT-USDT-SWAP_\u7a7a": 1783492509.4061267}}