{"global": 1781396249.1593416, "symbols": {"HOME-USDT-SWAP_\u591a": 1781396249.1593423, "HUMA-USDT-SWAP_\u591a": 1781396249.1593447, "GMT-USDT-SWAP_\u591a": 1781396249.1593463, "WLD-USDT-SWAP_\u591a": 1781396249.1593482, "PUMP-USDT-SWAP_\u591a": 1781396249.1593456, "MERL-USDT-SWAP_\u591a": 1781396249.159347, "W-USDT-SWAP_\u591a": 1781396249.1593475}}