{"global": 1780936277.7758815, "symbols": {"HOME-USDT-SWAP_\u591a": 1780936277.7758822, "BTC-USDT-SWAP_\u7a7a": 1780936277.775884, "GALA-USDT-SWAP_\u7a7a": 1780936277.775885, "TRUMP-USDT-SWAP_\u7a7a": 1780936277.7758853, "ACT-USDT-SWAP_\u7a7a": 1780936277.7758858, "SUI-USDT-SWAP_\u7a7a": 1780936277.7758865, "APE-USDT-SWAP_\u591a": 1780936277.7758873, "HYPE-USDT-SWAP_\u591a": 1780936277.775888}}