{"global": 1782927052.1275742, "symbols": {"ORDI-USDT-SWAP_\u591a": 1782927052.1275752}}