{"global": 1781760065.6354463, "symbols": {"APR-USDT-SWAP_\u591a": 1781760065.6354501, "HOME-USDT-SWAP_\u591a": 1781760065.635447}}