{"global": 1780993466.3493602, "symbols": {"BTC-USDT-SWAP_\u7a7a": 1780993466.349361, "APR-USDT-SWAP_\u591a": 1780993466.3493636, "SUI-USDT-SWAP_\u7a7a": 1780993466.3493645}}