{"global": 1781960273.5577044, "symbols": {"HUMA-USDT-SWAP_\u591a": 1781960273.557705, "WLD-USDT-SWAP_\u591a": 1781960273.5577064}}