{"global": 1783530703.684496, "symbols": {"APR-USDT-SWAP_\u591a": 1783530703.6844964}}