{"global": 1782546055.2294853, "symbols": {"YGG-USDT-SWAP_\u7a7a": 1782546055.2294884, "APR-USDT-SWAP_\u591a": 1782546055.229486}}