{"global": 1783237811.8277369, "symbols": {"AXS-USDT-SWAP_\u591a": 1783237811.8277373}}