{"global": 1783509864.1033828, "symbols": {"APR-USDT-SWAP_\u591a": 1783509864.1033835, "APT-USDT-SWAP_\u7a7a": 1783509864.1033854}}