{"global": 1784605719.6801975, "symbols": {"ORDI-USDT-SWAP_\u591a": 1784605719.680198}}