{"global": 1783556280.412497, "symbols": {"APR-USDT-SWAP_\u591a": 1783556280.4124982, "BTC-USDT-SWAP_\u7a7a": 1783556280.4125004}}