{"global": 1781282056.098631, "symbols": {"HYPE-USDT-SWAP_\u591a": 1781282056.0986366, "WLD-USDT-SWAP_\u591a": 1781282056.0986373, "APR-USDT-SWAP_\u591a": 1781282056.0986316, "W-USDT-SWAP_\u591a": 1781282056.0986338, "OP-USDT-SWAP_\u591a": 1781282056.0986347, "CHZ-USDT-SWAP_\u7a7a": 1781282056.0986352, "ACT-USDT-SWAP_\u591a": 1781282056.0986357}}