{"global": 1783682445.947009, "symbols": {"WLD-USDT-SWAP_\u7a7a": 1783682445.9470096, "APR-USDT-SWAP_\u591a": 1783682445.9470122, "BTC-USDT-SWAP_\u7a7a": 1783682445.947013}}