{"global": 1784625458.5188005, "symbols": {"ORDI-USDT-SWAP_\u591a": 1784625458.518801, "APT-USDT-SWAP_\u7a7a": 1784625458.5188026}}