{"global": 1784478569.2006392, "symbols": {"BTC-USDT-SWAP_\u591a": 1784478569.2006397}}