{"global": 1782189825.0912461, "symbols": {"APR-USDT-SWAP_\u591a": 1782189825.0912468, "PUMP-USDT-SWAP_\u7a7a": 1782189825.0912488, "AXS-USDT-SWAP_\u591a": 1782189825.0912492}}