{"global": 1782394686.8702745, "symbols": {"AXS-USDT-SWAP_\u591a": 1782394686.870275, "APR-USDT-SWAP_\u591a": 1782394686.870277}}