{"global": 1783265975.1608875, "symbols": {"AXS-USDT-SWAP_\u591a": 1783265975.1608884, "APE-USDT-SWAP_\u591a": 1783265975.16089}}