{"global": 1782826040.0793734, "symbols": {"APR-USDT-SWAP_\u591a": 1782826040.0793743, "APT-USDT-SWAP_\u591a": 1782826040.0793765}}