{"global": 1781890392.0698996, "symbols": {"COAI-USDT-SWAP_\u591a": 1781890392.0699003}}