{"global": 1784283772.1541483, "symbols": {"APR-USDT-SWAP_\u591a": 1784283772.154149}}