{"global": 1784691412.4109406, "symbols": {"HUMA-USDT-SWAP_\u591a": 1784691412.4109414}}