{"global": 1781450869.041069, "symbols": {"HOME-USDT-SWAP_\u591a": 1781450869.0410695, "MERL-USDT-SWAP_\u591a": 1781450869.0410724, "W-USDT-SWAP_\u591a": 1781450869.0410728, "PUMP-USDT-SWAP_\u591a": 1781450869.041072}}