{"global": 1781200085.2361042, "symbols": {"HYPE-USDT-SWAP_\u591a": 1781200085.2361052}}