{"global": 1782087551.3403227, "symbols": {"APR-USDT-SWAP_\u591a": 1782087551.3403237}}