{"global": 1784820386.395671, "symbols": {"ORDI-USDT-SWAP_\u591a": 1784820386.3956714, "ETH-USDT-SWAP_\u591a": 1784820386.395673}}