{"global": 1780591716.31724, "symbols": {"HOME-USDT-SWAP_\u591a": 1780591716.3172407, "HUMA-USDT-SWAP_\u591a": 1780591716.3172429, "DASH-USDT-SWAP_\u591a": 1780591716.3172438, "GMT-USDT-SWAP_\u591a": 1780591716.3172445, "PI-USDT-SWAP_\u591a": 1780591716.3172452}}