{"global": 1783247070.232941, "symbols": {"AXS-USDT-SWAP_\u591a": 1783247070.2329416}}