{"global": 1783096895.47938, "symbols": {"APT-USDT-SWAP_\u7a7a": 1783096895.4793808}}