{"global": 1782462850.3499463, "symbols": {"APR-USDT-SWAP_\u591a": 1782462850.3499472}}