{"global": 1784441906.4334626, "symbols": {"PUMP-USDT-SWAP_\u591a": 1784441906.4334633}}