{"global": 1781271290.734894, "symbols": {"APE-USDT-SWAP_\u591a": 1781271290.7348948, "SUI-USDT-SWAP_\u7a7a": 1781271290.7348976, "HYPE-USDT-SWAP_\u591a": 1781271290.734897, "WLD-USDT-SWAP_\u591a": 1781271290.7348983}}