{"global": 1782058658.234961, "symbols": {"APR-USDT-SWAP_\u591a": 1782058658.234962, "COAI-USDT-SWAP_\u591a": 1782058658.2349637, "EDEN-USDT-SWAP_\u591a": 1782058658.2349648}}