{"global": 1784344876.398678, "symbols": {"WLD-USDT-SWAP_\u7a7a": 1784344876.3986785}}