{"global": 1781833679.3818462, "symbols": {"APR-USDT-SWAP_\u591a": 1781833679.381849, "HOME-USDT-SWAP_\u591a": 1781833679.3818471, "ORDI-USDT-SWAP_\u7a7a": 1781833679.3818498, "ASTER-USDT-SWAP_\u591a": 1781833679.3818507, "TRUMP-USDT-SWAP_\u7a7a": 1781833679.3818512}}