{"global": 1784788564.170723, "symbols": {"HUMA-USDT-SWAP_\u591a": 1784788564.1707237}}