{"global": 1784368053.504675, "symbols": {"APE-USDT-SWAP_\u591a": 1784368053.5046756}}